5005,t070942,onis,Ghavam,Oxford Str,18/10/1980,6984573957,diawbaidy.com,Dental,baiay222
5008,xcvbynui,onis,Ghavam,Oxford Str,18/10/1980,6984573957,diawbaidy.com,Dental,baiay222
5009,gfregrege,rregre,gregre,greg,greg,regrege,regregreg,regreggr,rgregeg
5003,2323,John,James,27 Cherry Street,01/01/1953,12345678910,anyname@yahoo.com,pathologist,c5c29c540eb2f64f1ff8b22fea623d12
5004,AI555200,Baidy,Diaw,"70, Oxford Street",01/01/1953,1234567890,anyname@yahoo.com,Surgeon,abe7786d606b15b0d5b6626ed9e1ae57
5006,xcvbynui,onis,Ghavam,Oxford Str,18/10/1980,6984573957,diawbaidy.com,Dental,baiay222
7,32323,alex,24325325,5436436,43643634,6466,434364643,43646464,e01a54f7e4de86ab39ba75fad4dabb3a
8,2323,alex,dfsdf,sdfdsf,dffdfd,dfdsff,dfdfdf,dfdfdsf,81dc9bdb52d04dc20036dbd8313ed055
9,jrejre,a,4343,4342,2342,124141,12412412,141412,83878c91171338902e0fe0fb97a8c47a
10,2323,farhad,gfgfhjgkh,fgfhgjk,vbghnjk,dsfghj,dsfghj,dsfghgj,81dc9bdb52d04dc20036dbd8313ed055
11,wwew,alex,swdfgh,dfghjk,fghjk,fghjk,ghj,ghj,2db95e8e1a9267b7a1188556b2013b33
12,sdfgyhuj,jerry,adsfghjk,dfghjk,dfghj,dfgtyu,dfghj,dfghj,81dc9bdb52d04dc20036dbd8313ed055
5000,dferg,gfhg,fgdfh,fg,fgh,gfdh,dgf,fgh,580123b1eee6b0f82540e45282730a52
5001, dfger, ggrgr, rgrgrg, rgrgrg, rgrgrg, rgrgrg, rgrgrg, rgrgrg, 81dc9bdb52d04dc20036dbd8313ed055
