2,10544,Yiannis,Jacobson,22 Mambo Street,01234119,34m43
3,10544,Yiannis,Jacobson,22 Mambo Street,01234119,34m43
5,10544,Yiannis,Jacobson,22 Mambo Street,01234119,34m43
7,10544,Yiannis,Jacobson,22 Mambo Street,01234119,34m43
9,10544,Yiannis,Jacobson,22 Mambo Street,01234119,34m43
11,10544,Yiannis,Jacobson,22 Mambo Street,01234119,34m43
5001,10544,Yiannis,Jacobson,22 Mambo Street,01234119,34m43
5004,10544,Yiannis,Jacobson,22 Mambo Street,01234119,34m43
5008,10544,Yiannis,Jacobson,22 Mambo Street,01234119,34m43
5010,10544,Yiannis,Jacobson,22 Mambo Street,01234119,34m43
5012,10544,Yiannis,Jacobson,22 Mambo Street,01234119,34m43
5014,10544,Yiannis,Jacobson,22 Mambo Street,01234119,34m43
5016,10544,Yiannis,Jacobson,22 Mambo Street,01234119,34m43
5018,10544,Yiannis,Jacobson,22 Mambo Street,01234119,34m43
5020,10544,Yiannis,Jacobson,22 Mambo Street,01234119,34m43
5022,10544,Yiannis,Jacobson,22 Mambo Street,01234119,34m43
5025,10544,Yiannis,Jacobson,22 Mambo Street,01234119,34m43
5028,10544,Yiannis,Jacobson,22 Mambo Street,01234119,34m43
5031,10544,Yiannis,Jacobson,22 Mambo Street,01234119,34m43
5036,10544,Yiannis,Jacobson,22 Mambo Street,01234119,34m43
5039,10544,Yiannis,Jacobson,22 Mambo Street,01234119,34m43
5042,10544,Yiannis,Jacobson,22 Mambo Street,01234119,34m43
5045,10544,Yiannis,Jacobson,22 Mambo Street,01234119,34m43
5048,10544,Yiannis,Jacobson,22 Mambo Street,01234119,34m43
5051,10544,Yiannis,Jacobson,22 Mambo Street,01234119,34m43
5054,10544,Yiannis,Jacobson,22 Mambo Street,01234119,34m43
5057,10544,Yiannis,Jacobson,22 Mambo Street,01234119,34m43
5060,10544,Yiannis,Jacobson,22 Mambo Street,01234119,34m43
5063,10544,Yiannis,Jacobson,22 Mambo Street,01234119,34m43
5066,10544,Yiannis,Jacobson,22 Mambo Street,01234119,34m43
5069,10544,Yiannis,Jacobson,22 Mambo Street,01234119,34m43
5072,10544,Yiannis,Jacobson,22 Mambo Street,01234119,34m43
5075,10544,Yiannis,Jacobson,22 Mambo Street,01234119,34m43
5078,10544,Yiannis,Jacobson,22 Mambo Street,01234119,34m43
5081,10544,Yiannis,Jacobson,22 Mambo Street,01234119,34m43
5085,10544,Yiannis,Jacobson,22 Mambo Street,01234119,34m43
5088,10544,Yiannis,Jacobson,22 Mambo Street,01234119,34m43
5091,10544,Yiannis,Jacobson,22 Mambo Street,01234119,34m43
5094,10544,Yiannis,Jacobson,22 Mambo Street,01234119,34m43
5099,10544,Yiannis,Jacobson,22 Mambo Street,01234119,34m43
5102,10544,Yiannis,Jacobson,22 Mambo Street,01234119,34m43
5010,104144,Yiannis,Jacobson,22 Mambo Street,01234119,34m43

5011,104144,Yiannis,Jacobson,22 Mambo Street,01234119,34m43
5014,104144,Yiannis,Jacobson,22 Mambo Street,01234119,34m43
