5000,21232f297a57a5a743894a0e4a801fc3,a
4000,doctor_who,d
4000,doctor_who,d
4000,doctor_who,d
4000,doctor_who,d
4000,doctor_who,d
4000,doctor_who,d
4000,doctor_who,d
4000,doctor_who,d
4000,doctor_who,d
4000,doctor_who,d
4000,doctor_who,d
4000,doctor_who,d
4000,doctor_who,d
4000,doctor_who,d
4000,doctor_who,d
4000,doctor_who,d
4000,doctor_who,d
4000,doctor_who,d
4000,doctor_who,d
4000,doctor_who,d
4000,doctor_who,d
4000,doctor_who,d
4000,doctor_who,d
4000,doctor_who,d
4000,doctor_who,d
4000,doctor_who,d
4000,doctor_who,d
4000,doctor_who,d
4000,doctor_who,d
4000,doctor_who,d
4000,doctor_who,d
4000,doctor_who,d
4000,doctor_who,d
4000,doctor_who,d
4000,doctor_who,d
4000,doctor_who,d
